<?xml version="1.0" encoding="utf-8"?>
<extension type="component" method="upgrade">
	<name>com_icontest</name>
	<author>Just Me</author>
	<creationDate>July 2021</creationDate>
	<copyright>(C)</copyright>
	<license>GNU General Public License version 2 or later; see LICENSE.txt</license>
	<authorEmail>admin@joomla.org</authorEmail>
	<authorUrl>me.me</authorUrl>
	<version>0.0.0</version>
	<description>Test is an empty component</description>
	<media destination="com_icontest" folder="media">
		<folder>images</folder>
	</media>
	<administration>
<menu img="../media/com_icontest/images/lizard.svg" link="option=com_test" alt="Test">Icon Test</menu>
	</administration>
</extension>


